<?xml version="1.0" encoding="UTF-8"?>
<channel><item><title><![CDATA[footer]]></title><slug>footer</slug><value><![CDATA[&lt;footer class=&quot;footer&quot;&gt;
      &lt;div class=&quot;footer__block&quot;&gt;&lt;img class=&quot;footer__pic&quot; src=&quot;images/footer/001.jpg&quot; alt=&quot;&quot;/&gt;&lt;/div&gt;
      &lt;section class=&quot;advantage advantage--call&quot;&gt;
        &lt;div class=&quot;advantage__first wow fadeInRight&quot; data-wow-offset=&quot;150&quot;&gt;
          &lt;div class=&quot;advantage__block&quot;&gt;
            &lt;h3 class=&quot;advantage__title&quot;&gt;ВЫЗОВ ВРАЧА НА ДОМ&lt;/h3&gt;
            &lt;p class=&quot;advantage__text&quot;&gt;Lorem ipsum dolor sit amet consectetur adipiscing elit sed tempor incididunt ut laboret dolore&lt;/p&gt;
            &lt;button class=&quot;button button--call&quot;&gt;ВЫЗВАТЬ&lt;/button&gt;
          &lt;/div&gt;
        &lt;/div&gt;
        &lt;div class=&quot;advantage__last wow fadeInLeft&quot; data-wow-offset=&quot;150&quot;&gt;&lt;img class=&quot;advantage__pic&quot; src=&quot;images/advantage/005.jpg&quot; alt=&quot;&quot;/&gt;&lt;/div&gt;
      &lt;/section&gt;
      &lt;div class=&quot;cart&quot;&gt;&lt;iframe src=&quot;https://www.google.com/maps/embed?pb=!1m14!1m12!1m3!1d14684.905008814461!2d37.61853179202!3d55.72568576244975!2m3!1f0!2f0!3f0!3m2!1i1024!2i768!4f13.1!5e0!3m2!1sru!2sru!4v1543963957335&quot; style=&quot;border:0&quot; allowfullscreen&gt;&lt;/iframe&gt;&lt;/div&gt;
      &lt;p class=&quot;footer__copy&quot;&gt;Copyright © 2018 Все права защищены&lt;/p&gt;
    &lt;/footer&gt;]]></value></item><item><title><![CDATA[header]]></title><slug>header</slug><value><![CDATA[&lt;header class=&quot;header&quot;&gt;
      &lt;?php get_component(&#039;menu&#039;); ?&gt;
      &lt;div class=&quot;header__wrapper&quot;&gt;
        &lt;h1 class=&quot;header__title&quot;&gt;Ветклиника на Таганке.&lt;/h1&gt;
        &lt;div class=&quot;header__contacts&quot;&gt;
          &lt;p class=&quot;header__adress&quot;&gt;Москва, ЦАО, Старовольский переулок, д.&amp;nbsp;52, кор.&amp;nbsp;4&lt;/p&gt;
          &lt;p class=&quot;header__phone&quot;&gt;&lt;span&gt;+7 (495) 002-01-03&lt;/span&gt;, &lt;span&gt;+7 (495) 002-01-04&lt;/span&gt;&lt;/p&gt;
        &lt;/div&gt;
        &lt;p class=&quot;header__time&quot;&gt;круглосуточно&lt;/p&gt;
      &lt;/div&gt;
    &lt;/header&gt;&lt;img class=&quot;decor&quot; src=&quot;images/decor.png&quot; alt=&quot;&quot;/&gt;]]></value></item><item><title><![CDATA[menu]]></title><slug>menu</slug><value><![CDATA[&lt;nav class=&quot;menu&quot;&gt;
        &lt;div class=&quot;menu__wrapper&quot;&gt;
          &lt;p class=&quot;menu__page&quot;&gt;&lt;?php get_page_title(); ?&gt;&lt;/p&gt;
          &lt;button class=&quot;menu__button&quot;&gt;&lt;/button&gt;&lt;a class=&quot;logo&quot; href=&quot;http://test/&quot;&gt;&lt;svg xmlns=&quot;http://www.w3.org/2000/svg&quot; viewBox=&quot;0 0 32.544 6.879&quot;&gt;&lt;g style=&quot;line-height:1.25;-inkscape-font-specification:&#039;Scream alternative&#039;&quot; aria-label=&quot;vetanic&quot; font-weight=&quot;400&quot; font-size=&quot;7.056&quot; font-family=&quot;Scream alternative&quot; letter-spacing=&quot;0&quot; word-spacing=&quot;0&quot; fill=&quot;#f60&quot; stroke-width=&quot;.203&quot;&gt;&lt;path style=&quot;-inkscape-font-specification:&#039;Scream alternative&#039;&quot; d=&quot;M5.615 1.947L2.863 6.795Q2.327 5.779.118 1.947h1.94l.819 1.546.797-1.546zM10.852 4.297H8.029q.085.473.607.473.36 0 .544-.269l1.658-.007q-.142.72-.798 1.115-.585.36-1.361.36-1.052 0-1.694-.494-.705-.55-.705-1.573 0-1.002.684-1.524.614-.473 1.651-.473 1.178 0 1.722.614.515.586.515 1.778zM9.13 3.4q-.092-.402-.557-.402-.459 0-.55.402zM14.499 3.408h-.783v2.47h-1.708v-2.47h-.423V2.039h.423l-.007-1.03h1.715v1.03h.783z&quot;/&gt;&lt;path d=&quot;M20.148 5.828H18.46v-.155q-.43.296-1.002.296-.896 0-1.502-.579-.6-.578-.6-1.467 0-.882.607-1.446.606-.572 1.495-.572.537 0 .981.254v-.17h1.708zM18.46 3.937q0-.29-.183-.452-.184-.162-.48-.162-.67 0-.67.614t.67.614q.296 0 .48-.162.183-.163.183-.452zM25.477 5.835h-1.721V3.683q0-.487-.48-.487-.205 0-.339.148-.134.141-.134.346v2.145H21.06V1.997h1.743v.211q.318-.296 1.164-.296.741 0 1.136.43.374.41.374 1.158zM28.194.953q0 .36-.282.606-.282.247-.65.247-.38 0-.655-.24-.276-.24-.276-.613 0-.374.276-.614.275-.24.656-.24V.085q.374.007.649.254.282.247.282.614zm-.07 4.974h-1.7V2.08h1.7zM32.426 5.7q-.48.269-1.101.269-.988 0-1.616-.522-.677-.557-.677-1.524 0-.924.698-1.489.65-.529 1.595-.529.571 0 1.1.261v1.468q-.557-.395-.896-.395-.296 0-.515.197-.211.19-.211.487 0 .296.218.494.22.19.516.19.402 0 .889-.458z&quot; fill=&quot;currentColor&quot;/&gt;&lt;/g&gt;&lt;/svg&gt;&lt;/a&gt;
          &lt;div class=&quot;menu__list&quot;&gt;&lt;?php get_custom_menu(); ?&gt;&lt;/div&gt;
        &lt;/div&gt;
      &lt;/nav&gt;]]></value></item><item><title><![CDATA[popup]]></title><slug>popup</slug><value><![CDATA[&lt;div class=&quot;popup&quot;&gt;
      &lt;form class=&quot;popup__form&quot; method=&quot;get&quot; action=&quot;#&quot;&gt;
        &lt;div class=&quot;form-group&quot;&gt;
          &lt;label for=&quot;exampleInputName&quot;&gt;Введите имя&lt;/label&gt;
          &lt;input class=&quot;form-control&quot; name=&quot;name&quot; id=&quot;exampleInputName&quot; type=&quot;text&quot; required placeholder=&quot;Имя&quot;&gt;
        &lt;/div&gt;
        &lt;div class=&quot;form-group popup__address&quot;&gt;
          &lt;label for=&quot;exampleInputAddress&quot;&gt;Введите адрес&lt;/label&gt;
          &lt;input class=&quot;form-control&quot; name=&quot;address&quot; id=&quot;exampleInputAddress&quot; type=&quot;text&quot; required placeholder=&quot;Адрес&quot;&gt;
        &lt;/div&gt;
        &lt;div class=&quot;form-group&quot;&gt;
          &lt;label for=&quot;exampleInputPhone&quot;&gt;Введите телефон&lt;/label&gt;
          &lt;input class=&quot;form-control&quot; name=&quot;phone&quot; id=&quot;exampleInputPhone&quot; type=&quot;text&quot; required placeholder=&quot;Телефон&quot;&gt;
        &lt;/div&gt;
        &lt;button class=&quot;button button--submit&quot; type=&quot;submit&quot;&gt;Отправить&lt;/button&gt;
      &lt;/form&gt;
    &lt;/div&gt;]]></value></item></channel>
