<?xml version="1.0" encoding="UTF-8"?>
<channel><item><pubDate><![CDATA[Tue, 18 Dec 2018 20:30:00 +0100]]></pubDate><title><![CDATA[404]]></title><url><![CDATA[404]]></url><meta><![CDATA[]]></meta><metad><![CDATA[]]></metad><menu><![CDATA[404]]></menu><menuOrder><![CDATA[0]]></menuOrder><menuStatus><![CDATA[]]></menuStatus><template><![CDATA[template.php]]></template><parent><![CDATA[]]></parent><private><![CDATA[]]></private><author><![CDATA[neo]]></author><slug><![CDATA[404]]></slug><filename><![CDATA[404.xml]]></filename></item><item><pubDate><![CDATA[Tue, 18 Dec 2018 19:28:48 +0100]]></pubDate><title><![CDATA[Контакты]]></title><url><![CDATA[contacts]]></url><meta><![CDATA[]]></meta><metad><![CDATA[Описание страницы Контакты]]></metad><menu><![CDATA[Контакты]]></menu><menuStatus><![CDATA[Y]]></menuStatus><template><![CDATA[template.php]]></template><parent><![CDATA[]]></parent><private><![CDATA[]]></private><author><![CDATA[neo]]></author><menuOrder><![CDATA[7]]></menuOrder><slug><![CDATA[contacts]]></slug><filename><![CDATA[contacts.xml]]></filename></item><item><pubDate><![CDATA[Tue, 18 Dec 2018 20:28:50 +0100]]></pubDate><title><![CDATA[ajax]]></title><url><![CDATA[ajax]]></url><meta><![CDATA[]]></meta><metad><![CDATA[]]></metad><menu><![CDATA[ajax]]></menu><menuOrder><![CDATA[0]]></menuOrder><menuStatus><![CDATA[]]></menuStatus><template><![CDATA[ajax.php]]></template><parent><![CDATA[]]></parent><private><![CDATA[]]></private><author><![CDATA[neo]]></author><slug><![CDATA[ajax]]></slug><filename><![CDATA[ajax.xml]]></filename></item><item><pubDate><![CDATA[Tue, 18 Dec 2018 19:26:24 +0100]]></pubDate><title><![CDATA[Цены]]></title><url><![CDATA[prices]]></url><meta><![CDATA[]]></meta><metad><![CDATA[Описание страницы Цены]]></metad><menu><![CDATA[Цены]]></menu><menuStatus><![CDATA[Y]]></menuStatus><template><![CDATA[template.php]]></template><parent><![CDATA[]]></parent><private><![CDATA[]]></private><author><![CDATA[neo]]></author><menuOrder><![CDATA[4]]></menuOrder><slug><![CDATA[prices]]></slug><filename><![CDATA[prices.xml]]></filename></item><item><pubDate><![CDATA[Tue, 18 Dec 2018 19:28:02 +0100]]></pubDate><title><![CDATA[График]]></title><url><![CDATA[graph]]></url><meta><![CDATA[]]></meta><metad><![CDATA[Описание страницы График]]></metad><menu><![CDATA[График]]></menu><menuStatus><![CDATA[Y]]></menuStatus><template><![CDATA[template.php]]></template><parent><![CDATA[]]></parent><private><![CDATA[]]></private><author><![CDATA[neo]]></author><menuOrder><![CDATA[6]]></menuOrder><slug><![CDATA[graph]]></slug><filename><![CDATA[graph.xml]]></filename></item><item><pubDate><![CDATA[Tue, 18 Dec 2018 19:24:09 +0100]]></pubDate><title><![CDATA[Главная]]></title><url><![CDATA[index]]></url><meta><![CDATA[]]></meta><metad><![CDATA[Описание страницы Главная]]></metad><menu><![CDATA[Главная]]></menu><menuOrder><![CDATA[1]]></menuOrder><menuStatus><![CDATA[Y]]></menuStatus><template><![CDATA[template.php]]></template><parent><![CDATA[]]></parent><private><![CDATA[]]></private><author><![CDATA[neo]]></author><slug><![CDATA[index]]></slug><filename><![CDATA[index.xml]]></filename></item><item><pubDate><![CDATA[Tue, 18 Dec 2018 19:22:50 +0100]]></pubDate><title><![CDATA[Врачи]]></title><url><![CDATA[doctors]]></url><meta><![CDATA[]]></meta><metad><![CDATA[Описание страницы Врачи]]></metad><menu><![CDATA[Врачи]]></menu><menuStatus><![CDATA[Y]]></menuStatus><template><![CDATA[template.php]]></template><parent><![CDATA[]]></parent><private><![CDATA[]]></private><author><![CDATA[neo]]></author><menuOrder><![CDATA[2]]></menuOrder><slug><![CDATA[doctors]]></slug><filename><![CDATA[doctors.xml]]></filename></item><item><pubDate><![CDATA[Tue, 18 Dec 2018 19:25:12 +0100]]></pubDate><title><![CDATA[Услуги]]></title><url><![CDATA[services]]></url><meta><![CDATA[]]></meta><metad><![CDATA[Описание страницы Услуги]]></metad><menu><![CDATA[Услуги]]></menu><menuStatus><![CDATA[Y]]></menuStatus><template><![CDATA[template.php]]></template><parent><![CDATA[]]></parent><private><![CDATA[]]></private><author><![CDATA[neo]]></author><menuOrder><![CDATA[3]]></menuOrder><slug><![CDATA[services]]></slug><filename><![CDATA[services.xml]]></filename></item><item><pubDate><![CDATA[Tue, 18 Dec 2018 19:27:10 +0100]]></pubDate><title><![CDATA[Отзывы]]></title><url><![CDATA[reviews]]></url><meta><![CDATA[]]></meta><metad><![CDATA[Описание страницы Отзывы]]></metad><menu><![CDATA[Отзывы]]></menu><menuStatus><![CDATA[Y]]></menuStatus><template><![CDATA[template.php]]></template><parent><![CDATA[]]></parent><private><![CDATA[]]></private><author><![CDATA[neo]]></author><menuOrder><![CDATA[5]]></menuOrder><slug><![CDATA[reviews]]></slug><filename><![CDATA[reviews.xml]]></filename></item></channel>
