<?xml version="1.0" encoding="UTF-8"?>
<item><pubDate>Tue, 18 Dec 2018 19:28:48 +0100</pubDate><title>Контакты</title><url>contacts</url><meta></meta><metad>Описание страницы Контакты</metad><menu>Контакты</menu><menuStatus>Y</menuStatus><template>template.php</template><parent></parent><content>&amp;lt;div class=&amp;quot;wrapper&amp;quot;&amp;gt;
  &amp;lt;h2 class=&amp;quot;content-title&amp;quot;&amp;gt;Контакты&amp;lt;/h2&amp;gt;
  &amp;lt;p&amp;gt;Приятно, граждане, наблюдать, как явные признаки победы институциализации формируют глобальную экономическую сеть и при этом - представлены в исключительно положительном свете. Значимость этих проблем настолько очевидна, что дальнейшее развитие различных форм деятельности влечет за собой процесс внедрения и модернизации системы массового участия.&amp;lt;/p&amp;gt;
  &amp;lt;div class=&amp;quot;picbox picbox--align_left&amp;quot;&amp;gt;&amp;lt;img class=&amp;quot;picbox__pic&amp;quot; src=&amp;quot;images/contacts/001.jpg&amp;quot; alt=&amp;quot;&amp;quot;/&amp;gt;&amp;lt;/div&amp;gt;
  &amp;lt;p&amp;gt;Явные признаки победы институциализации, которые представляют собой яркий пример континентально-европейского типа политической культуры, будут описаны максимально подробно. Вот вам яркий пример современных тенденций - базовый вектор развития, а также свежий взгляд на привычные вещи - безусловно открывает новые горизонты для экспериментов, поражающих по своей масштабности и грандиозности. Как уже неоднократно упомянуто, ключевые особенности структуры проекта лишь добавляют фракционных разногласий и ограничены исключительно образом мышления.&amp;lt;/p&amp;gt;
&amp;lt;/div&amp;gt;
&amp;lt;div class=&amp;quot;divider wow slideInUp&amp;quot; data-wow-offset=&amp;quot;120&amp;quot;&amp;gt;
  &amp;lt;div class=&amp;quot;divider__wrapper&amp;quot;&amp;gt;&amp;lt;img class=&amp;quot;divider__pic&amp;quot; src=&amp;quot;images/divider.png&amp;quot; alt=&amp;quot;&amp;quot;/&amp;gt;
    &amp;lt;p class=&amp;quot;divider__text&amp;quot;&amp;gt;Для современного мира синтетическое тестирование напрямую зависит от новых предложений и некоторых наших оппонентов&amp;lt;/p&amp;gt;
  &amp;lt;/div&amp;gt;
&amp;lt;/div&amp;gt;</content><private></private><author>neo</author><menuOrder><![CDATA[7]]></menuOrder></item>
