<?xml version="1.0" encoding="UTF-8"?>
<item><pubDate>Tue, 18 Dec 2018 19:22:50 +0100</pubDate><title>Врачи</title><url>doctors</url><meta></meta><metad>Описание страницы Врачи</metad><menu>Врачи</menu><menuStatus>Y</menuStatus><template>template.php</template><parent></parent><content>&amp;lt;div class=&amp;quot;wrapper&amp;quot;&amp;gt;
  &amp;lt;h2 class=&amp;quot;content-title&amp;quot;&amp;gt;Врачи&amp;lt;/h2&amp;gt;
  &amp;lt;section class=&amp;quot;advantage advantage--doctors&amp;quot;&amp;gt;
    &amp;lt;div class=&amp;quot;advantage__first wow fadeInRight&amp;quot; data-wow-offset=&amp;quot;150&amp;quot;&amp;gt;
      &amp;lt;div class=&amp;quot;advantage__block&amp;quot;&amp;gt;
        &amp;lt;h3 class=&amp;quot;advantage__title&amp;quot;&amp;gt;Шпак Альбина Борисовна&amp;lt;/h3&amp;gt;
        &amp;lt;p class=&amp;quot;advantage__text&amp;quot;&amp;gt;Разнообразный и богатый опыт говорит нам, что высококачественный прототип будущего проекта обеспечивает широкому кругу специалистов участие в формировании переосмысления внешнеэкономических политик. Не следует, однако, забывать, что социально-экономическое развитие, в своем классическом представлении.&amp;lt;/p&amp;gt;
      &amp;lt;/div&amp;gt;
    &amp;lt;/div&amp;gt;
    &amp;lt;div class=&amp;quot;advantage__last wow fadeInLeft&amp;quot; data-wow-offset=&amp;quot;150&amp;quot;&amp;gt;&amp;lt;img class=&amp;quot;advantage__pic&amp;quot; src=&amp;quot;images/doctors/001.jpg&amp;quot; alt=&amp;quot;&amp;quot;/&amp;gt;&amp;lt;/div&amp;gt;
  &amp;lt;/section&amp;gt;
  &amp;lt;section class=&amp;quot;advantage advantage--doctors&amp;quot;&amp;gt;
    &amp;lt;div class=&amp;quot;advantage__first wow fadeInRight&amp;quot; data-wow-offset=&amp;quot;150&amp;quot;&amp;gt;
      &amp;lt;div class=&amp;quot;advantage__block&amp;quot;&amp;gt;
        &amp;lt;h3 class=&amp;quot;advantage__title&amp;quot;&amp;gt;Тайсон Тимур Васильевич&amp;lt;/h3&amp;gt;
        &amp;lt;p class=&amp;quot;advantage__text&amp;quot;&amp;gt;Разнообразный и богатый опыт говорит нам, что высококачественный прототип будущего проекта обеспечивает широкому кругу специалистов участие в формировании переосмысления внешнеэкономических политик. Не следует, однако, забывать, что социально-экономическое развитие, в своем классическом представлении.&amp;lt;/p&amp;gt;
      &amp;lt;/div&amp;gt;
    &amp;lt;/div&amp;gt;
    &amp;lt;div class=&amp;quot;advantage__last wow fadeInLeft&amp;quot; data-wow-offset=&amp;quot;150&amp;quot;&amp;gt;&amp;lt;img class=&amp;quot;advantage__pic&amp;quot; src=&amp;quot;images/doctors/003.jpg&amp;quot; alt=&amp;quot;&amp;quot;/&amp;gt;&amp;lt;/div&amp;gt;
  &amp;lt;/section&amp;gt;
  &amp;lt;section class=&amp;quot;advantage advantage--doctors&amp;quot;&amp;gt;
    &amp;lt;div class=&amp;quot;advantage__first wow fadeInRight&amp;quot; data-wow-offset=&amp;quot;150&amp;quot;&amp;gt;
      &amp;lt;div class=&amp;quot;advantage__block&amp;quot;&amp;gt;
        &amp;lt;h3 class=&amp;quot;advantage__title&amp;quot;&amp;gt;Горемыко Людмила Леопольдовна&amp;lt;/h3&amp;gt;
        &amp;lt;p class=&amp;quot;advantage__text&amp;quot;&amp;gt;Разнообразный и богатый опыт говорит нам, что высококачественный прототип будущего проекта обеспечивает широкому кругу специалистов участие в формировании переосмысления внешнеэкономических политик. Не следует, однако, забывать, что социально-экономическое развитие, в своем классическом представлении.&amp;lt;/p&amp;gt;
      &amp;lt;/div&amp;gt;
    &amp;lt;/div&amp;gt;
    &amp;lt;div class=&amp;quot;advantage__last wow fadeInLeft&amp;quot; data-wow-offset=&amp;quot;150&amp;quot;&amp;gt;&amp;lt;img class=&amp;quot;advantage__pic&amp;quot; src=&amp;quot;images/doctors/002.jpg&amp;quot; alt=&amp;quot;&amp;quot;/&amp;gt;&amp;lt;/div&amp;gt;
  &amp;lt;/section&amp;gt;
  &amp;lt;section class=&amp;quot;advantage advantage--doctors&amp;quot;&amp;gt;
    &amp;lt;div class=&amp;quot;advantage__first wow fadeInRight&amp;quot; data-wow-offset=&amp;quot;150&amp;quot;&amp;gt;
      &amp;lt;div class=&amp;quot;advantage__block&amp;quot;&amp;gt;
        &amp;lt;h3 class=&amp;quot;advantage__title&amp;quot;&amp;gt;Лобанов Эдуард Евлампиевич&amp;lt;/h3&amp;gt;
        &amp;lt;p class=&amp;quot;advantage__text&amp;quot;&amp;gt;Разнообразный и богатый опыт говорит нам, что высококачественный прототип будущего проекта обеспечивает широкому кругу специалистов участие в формировании переосмысления внешнеэкономических политик. Не следует, однако, забывать, что социально-экономическое развитие, в своем классическом представлении.&amp;lt;/p&amp;gt;
      &amp;lt;/div&amp;gt;
    &amp;lt;/div&amp;gt;
    &amp;lt;div class=&amp;quot;advantage__last wow fadeInLeft&amp;quot; data-wow-offset=&amp;quot;150&amp;quot;&amp;gt;&amp;lt;img class=&amp;quot;advantage__pic&amp;quot; src=&amp;quot;images/doctors/004.jpg&amp;quot; alt=&amp;quot;&amp;quot;/&amp;gt;&amp;lt;/div&amp;gt;
  &amp;lt;/section&amp;gt;
  &amp;lt;section class=&amp;quot;advantage advantage--doctors advantage--last&amp;quot;&amp;gt;
    &amp;lt;div class=&amp;quot;advantage__first wow fadeInRight&amp;quot; data-wow-offset=&amp;quot;150&amp;quot;&amp;gt;
      &amp;lt;div class=&amp;quot;advantage__block&amp;quot;&amp;gt;
        &amp;lt;h3 class=&amp;quot;advantage__title&amp;quot;&amp;gt;Шумакова Галина Томкрузовна&amp;lt;/h3&amp;gt;
        &amp;lt;p class=&amp;quot;advantage__text&amp;quot;&amp;gt;Разнообразный и богатый опыт говорит нам, что высококачественный прототип будущего проекта обеспечивает широкому кругу специалистов участие в формировании переосмысления внешнеэкономических политик. Не следует, однако, забывать, что социально-экономическое развитие, в своем классическом представлении.&amp;lt;/p&amp;gt;
      &amp;lt;/div&amp;gt;
    &amp;lt;/div&amp;gt;
    &amp;lt;div class=&amp;quot;advantage__last wow fadeInLeft&amp;quot; data-wow-offset=&amp;quot;150&amp;quot;&amp;gt;&amp;lt;img class=&amp;quot;advantage__pic&amp;quot; src=&amp;quot;images/doctors/005.jpg&amp;quot; alt=&amp;quot;&amp;quot;/&amp;gt;&amp;lt;/div&amp;gt;
  &amp;lt;/section&amp;gt;
&amp;lt;/div&amp;gt;
&amp;lt;div class=&amp;quot;divider wow slideInUp&amp;quot; data-wow-offset=&amp;quot;120&amp;quot;&amp;gt;
  &amp;lt;div class=&amp;quot;divider__wrapper&amp;quot;&amp;gt;&amp;lt;img class=&amp;quot;divider__pic&amp;quot; src=&amp;quot;images/divider.png&amp;quot; alt=&amp;quot;&amp;quot;/&amp;gt;
    &amp;lt;p class=&amp;quot;divider__text&amp;quot;&amp;gt;Для современного мира синтетическое тестирование напрямую зависит от новых предложений и некоторых наших оппонентов&amp;lt;/p&amp;gt;
  &amp;lt;/div&amp;gt;
&amp;lt;/div&amp;gt;</content><private></private><author>neo</author><menuOrder><![CDATA[2]]></menuOrder></item>
