<?xml version="1.0" encoding="UTF-8"?>
<item><pubDate>Tue, 18 Dec 2018 19:28:02 +0100</pubDate><title>График</title><url>graph</url><meta></meta><metad>Описание страницы График</metad><menu>График</menu><menuStatus>Y</menuStatus><template>template.php</template><parent></parent><content>&amp;lt;div class=&amp;quot;wrapper&amp;quot;&amp;gt;
  &amp;lt;h2 class=&amp;quot;content-title&amp;quot;&amp;gt;График&amp;lt;/h2&amp;gt;
  &amp;lt;table class=&amp;quot;table table-striped&amp;quot;&amp;gt;
    &amp;lt;thead&amp;gt;
      &amp;lt;tr&amp;gt;
        &amp;lt;th&amp;gt;Врач&amp;lt;/th&amp;gt;
        &amp;lt;th&amp;gt;Приемные дни&amp;lt;/th&amp;gt;
      &amp;lt;/tr&amp;gt;
    &amp;lt;/thead&amp;gt;
    &amp;lt;tbody&amp;gt;
      &amp;lt;tr&amp;gt;
        &amp;lt;td&amp;gt;Шпак Альбина Борисовна&amp;lt;/td&amp;gt;
        &amp;lt;td&amp;gt;пн-пт&amp;lt;/td&amp;gt;
      &amp;lt;/tr&amp;gt;
      &amp;lt;tr&amp;gt;
        &amp;lt;td&amp;gt;Тайсон Тимур Васильевич&amp;lt;/td&amp;gt;
        &amp;lt;td&amp;gt;ср-чт&amp;lt;/td&amp;gt;
      &amp;lt;/tr&amp;gt;
      &amp;lt;tr&amp;gt;
        &amp;lt;td&amp;gt;Горемыко Людмила Леопольдовна&amp;lt;/td&amp;gt;
        &amp;lt;td&amp;gt;сб-вс&amp;lt;/td&amp;gt;
      &amp;lt;/tr&amp;gt;
      &amp;lt;tr&amp;gt;
        &amp;lt;td&amp;gt;Лобанов Эдуард Евлампиевич&amp;lt;/td&amp;gt;
        &amp;lt;td&amp;gt;вт, чт, сб&amp;lt;/td&amp;gt;
      &amp;lt;/tr&amp;gt;
      &amp;lt;tr&amp;gt;
        &amp;lt;td&amp;gt;Шумакова Галина Томкрузовна&amp;lt;/td&amp;gt;
        &amp;lt;td&amp;gt;пн, ср, пт&amp;lt;/td&amp;gt;
      &amp;lt;/tr&amp;gt;
    &amp;lt;/tbody&amp;gt;
  &amp;lt;/table&amp;gt;
&amp;lt;/div&amp;gt;
&amp;lt;div class=&amp;quot;divider wow slideInUp&amp;quot; data-wow-offset=&amp;quot;120&amp;quot;&amp;gt;
  &amp;lt;div class=&amp;quot;divider__wrapper&amp;quot;&amp;gt;&amp;lt;img class=&amp;quot;divider__pic&amp;quot; src=&amp;quot;images/divider.png&amp;quot; alt=&amp;quot;&amp;quot;/&amp;gt;
    &amp;lt;p class=&amp;quot;divider__text&amp;quot;&amp;gt;Для современного мира синтетическое тестирование напрямую зависит от новых предложений и некоторых наших оппонентов&amp;lt;/p&amp;gt;
  &amp;lt;/div&amp;gt;
&amp;lt;/div&amp;gt;</content><private></private><author>neo</author><menuOrder><![CDATA[6]]></menuOrder></item>
