<?xml version="1.0" encoding="UTF-8"?>
<item><pubDate>Tue, 18 Dec 2018 19:27:10 +0100</pubDate><title>Отзывы</title><url>reviews</url><meta></meta><metad>Описание страницы Отзывы</metad><menu>Отзывы</menu><menuStatus>Y</menuStatus><template>template.php</template><parent></parent><content>&amp;lt;div class=&amp;quot;wrapper&amp;quot;&amp;gt;
  &amp;lt;h2 class=&amp;quot;content-title&amp;quot;&amp;gt;Отзывы&amp;lt;/h2&amp;gt;
  &amp;lt;section class=&amp;quot;advantage advantage--reviews&amp;quot;&amp;gt;
    &amp;lt;div class=&amp;quot;advantage__first wow fadeInRight&amp;quot; data-wow-offset=&amp;quot;150&amp;quot;&amp;gt;
      &amp;lt;div class=&amp;quot;advantage__block&amp;quot;&amp;gt;
        &amp;lt;h3 class=&amp;quot;advantage__title&amp;quot;&amp;gt;Дмитрий&amp;lt;/h3&amp;gt;
        &amp;lt;p class=&amp;quot;advantage__text&amp;quot;&amp;gt;Разнообразный и богатый опыт говорит нам, что высококачественный прототип будущего проекта обеспечивает широкому кругу специалистов участие в формировании переосмысления внешнеэкономических политик.&amp;lt;/p&amp;gt;
      &amp;lt;/div&amp;gt;
    &amp;lt;/div&amp;gt;
    &amp;lt;div class=&amp;quot;advantage__last wow fadeInLeft&amp;quot; data-wow-offset=&amp;quot;150&amp;quot;&amp;gt;&amp;lt;img class=&amp;quot;advantage__pic&amp;quot; src=&amp;quot;images/reviews/001.jpg&amp;quot; alt=&amp;quot;&amp;quot;/&amp;gt;&amp;lt;/div&amp;gt;
  &amp;lt;/section&amp;gt;
  &amp;lt;section class=&amp;quot;advantage advantage--reviews&amp;quot;&amp;gt;
    &amp;lt;div class=&amp;quot;advantage__first wow fadeInRight&amp;quot; data-wow-offset=&amp;quot;150&amp;quot;&amp;gt;
      &amp;lt;div class=&amp;quot;advantage__block&amp;quot;&amp;gt;
        &amp;lt;h3 class=&amp;quot;advantage__title&amp;quot;&amp;gt;Карина&amp;lt;/h3&amp;gt;
        &amp;lt;p class=&amp;quot;advantage__text&amp;quot;&amp;gt;Разнообразный и богатый опыт говорит нам, что высококачественный прототип будущего проекта обеспечивает широкому кругу специалистов участие в формировании переосмысления внешнеэкономических политик.&amp;lt;/p&amp;gt;
      &amp;lt;/div&amp;gt;
    &amp;lt;/div&amp;gt;
    &amp;lt;div class=&amp;quot;advantage__last wow fadeInLeft&amp;quot; data-wow-offset=&amp;quot;150&amp;quot;&amp;gt;&amp;lt;img class=&amp;quot;advantage__pic&amp;quot; src=&amp;quot;images/reviews/002.jpg&amp;quot; alt=&amp;quot;&amp;quot;/&amp;gt;&amp;lt;/div&amp;gt;
  &amp;lt;/section&amp;gt;
  &amp;lt;section class=&amp;quot;advantage advantage--reviews&amp;quot;&amp;gt;
    &amp;lt;div class=&amp;quot;advantage__first wow fadeInRight&amp;quot; data-wow-offset=&amp;quot;150&amp;quot;&amp;gt;
      &amp;lt;div class=&amp;quot;advantage__block&amp;quot;&amp;gt;
        &amp;lt;h3 class=&amp;quot;advantage__title&amp;quot;&amp;gt;Константин&amp;lt;/h3&amp;gt;
        &amp;lt;p class=&amp;quot;advantage__text&amp;quot;&amp;gt;Разнообразный и богатый опыт говорит нам, что высококачественный прототип будущего проекта обеспечивает широкому кругу специалистов участие в формировании переосмысления внешнеэкономических политик.&amp;lt;/p&amp;gt;
      &amp;lt;/div&amp;gt;
    &amp;lt;/div&amp;gt;
    &amp;lt;div class=&amp;quot;advantage__last wow fadeInLeft&amp;quot; data-wow-offset=&amp;quot;150&amp;quot;&amp;gt;&amp;lt;img class=&amp;quot;advantage__pic&amp;quot; src=&amp;quot;images/reviews/001.jpg&amp;quot; alt=&amp;quot;&amp;quot;/&amp;gt;&amp;lt;/div&amp;gt;
  &amp;lt;/section&amp;gt;
  &amp;lt;section class=&amp;quot;advantage advantage--reviews&amp;quot;&amp;gt;
    &amp;lt;div class=&amp;quot;advantage__first wow fadeInRight&amp;quot; data-wow-offset=&amp;quot;150&amp;quot;&amp;gt;
      &amp;lt;div class=&amp;quot;advantage__block&amp;quot;&amp;gt;
        &amp;lt;h3 class=&amp;quot;advantage__title&amp;quot;&amp;gt;Наталья&amp;lt;/h3&amp;gt;
        &amp;lt;p class=&amp;quot;advantage__text&amp;quot;&amp;gt;Разнообразный и богатый опыт говорит нам, что высококачественный прототип будущего проекта обеспечивает широкому кругу специалистов участие в формировании переосмысления внешнеэкономических политик.&amp;lt;/p&amp;gt;
      &amp;lt;/div&amp;gt;
    &amp;lt;/div&amp;gt;
    &amp;lt;div class=&amp;quot;advantage__last wow fadeInLeft&amp;quot; data-wow-offset=&amp;quot;150&amp;quot;&amp;gt;&amp;lt;img class=&amp;quot;advantage__pic&amp;quot; src=&amp;quot;images/reviews/002.jpg&amp;quot; alt=&amp;quot;&amp;quot;/&amp;gt;&amp;lt;/div&amp;gt;
  &amp;lt;/section&amp;gt;
  &amp;lt;section class=&amp;quot;advantage advantage--reviews&amp;quot;&amp;gt;
    &amp;lt;div class=&amp;quot;advantage__first wow fadeInRight&amp;quot; data-wow-offset=&amp;quot;150&amp;quot;&amp;gt;
      &amp;lt;div class=&amp;quot;advantage__block&amp;quot;&amp;gt;
        &amp;lt;h3 class=&amp;quot;advantage__title&amp;quot;&amp;gt;Иван&amp;lt;/h3&amp;gt;
        &amp;lt;p class=&amp;quot;advantage__text&amp;quot;&amp;gt;Разнообразный и богатый опыт говорит нам, что высококачественный прототип будущего проекта обеспечивает широкому кругу специалистов участие в формировании переосмысления внешнеэкономических политик.&amp;lt;/p&amp;gt;
      &amp;lt;/div&amp;gt;
    &amp;lt;/div&amp;gt;
    &amp;lt;div class=&amp;quot;advantage__last wow fadeInLeft&amp;quot; data-wow-offset=&amp;quot;150&amp;quot;&amp;gt;&amp;lt;img class=&amp;quot;advantage__pic&amp;quot; src=&amp;quot;images/reviews/001.jpg&amp;quot; alt=&amp;quot;&amp;quot;/&amp;gt;&amp;lt;/div&amp;gt;
  &amp;lt;/section&amp;gt;
  &amp;lt;section class=&amp;quot;advantage advantage--reviews advantage--last&amp;quot;&amp;gt;
    &amp;lt;div class=&amp;quot;advantage__first wow fadeInRight&amp;quot; data-wow-offset=&amp;quot;150&amp;quot;&amp;gt;
      &amp;lt;div class=&amp;quot;advantage__block&amp;quot;&amp;gt;
        &amp;lt;h3 class=&amp;quot;advantage__title&amp;quot;&amp;gt;Маргарита&amp;lt;/h3&amp;gt;
        &amp;lt;p class=&amp;quot;advantage__text&amp;quot;&amp;gt;Разнообразный и богатый опыт говорит нам, что высококачественный прототип будущего проекта обеспечивает широкому кругу специалистов участие в формировании переосмысления внешнеэкономических политик.&amp;lt;/p&amp;gt;
      &amp;lt;/div&amp;gt;
    &amp;lt;/div&amp;gt;
    &amp;lt;div class=&amp;quot;advantage__last wow fadeInLeft&amp;quot; data-wow-offset=&amp;quot;150&amp;quot;&amp;gt;&amp;lt;img class=&amp;quot;advantage__pic&amp;quot; src=&amp;quot;images/reviews/002.jpg&amp;quot; alt=&amp;quot;&amp;quot;/&amp;gt;&amp;lt;/div&amp;gt;
  &amp;lt;/section&amp;gt;
&amp;lt;/div&amp;gt;
&amp;lt;div class=&amp;quot;divider wow slideInUp&amp;quot; data-wow-offset=&amp;quot;120&amp;quot;&amp;gt;
  &amp;lt;div class=&amp;quot;divider__wrapper&amp;quot;&amp;gt;&amp;lt;img class=&amp;quot;divider__pic&amp;quot; src=&amp;quot;images/divider.png&amp;quot; alt=&amp;quot;&amp;quot;/&amp;gt;
    &amp;lt;p class=&amp;quot;divider__text&amp;quot;&amp;gt;Для современного мира синтетическое тестирование напрямую зависит от новых предложений и некоторых наших оппонентов&amp;lt;/p&amp;gt;
  &amp;lt;/div&amp;gt;
&amp;lt;/div&amp;gt;</content><private></private><author>neo</author><menuOrder><![CDATA[5]]></menuOrder></item>
