<?xml version="1.0" encoding="UTF-8"?>
<item><pubDate>Tue, 18 Dec 2018 20:22:49 +0100</pubDate><title><![CDATA[404]]></title><url><![CDATA[404]]></url><meta><![CDATA[]]></meta><metad><![CDATA[]]></metad><menu><![CDATA[404]]></menu><menuOrder><![CDATA[0]]></menuOrder><menuStatus><![CDATA[]]></menuStatus><template><![CDATA[template.php]]></template><parent><![CDATA[]]></parent><content><![CDATA[&lt;h2 style=&quot;margin: 120px 20px; color: red;&quot;&gt;Извините, но такой страницы не существует.&lt;/h2&gt;]]></content><private><![CDATA[]]></private><author><![CDATA[neo]]></author></item>
