<?xml version="1.0" encoding="UTF-8"?>
<item><pubDate>Tue, 18 Dec 2018 19:23:10 +0100</pubDate><title><![CDATA[Главная]]></title><url><![CDATA[index]]></url><meta><![CDATA[]]></meta><metad><![CDATA[Описание страницы Главная]]></metad><menu><![CDATA[Главная]]></menu><menuOrder><![CDATA[1]]></menuOrder><menuStatus><![CDATA[Y]]></menuStatus><template><![CDATA[template.php]]></template><parent><![CDATA[]]></parent><content><![CDATA[&lt;div class=&quot;wrapper&quot;&gt;
  &lt;h2 class=&quot;content-title&quot;&gt;О клинике&lt;/h2&gt;
  &lt;p&gt;Внезапно, диаграммы связей являются только методом политического участия и функционально разнесены на независимые элементы. Разнообразный и богатый опыт говорит нам, что высококачественный прототип будущего проекта обеспечивает широкому кругу специалистов участие в формировании переосмысления внешнеэкономических политик. Не следует, однако, забывать, что социально-экономическое развитие, в своем классическом представлении.&lt;/p&gt;
&lt;/div&gt;
&lt;section class=&quot;advantage advantage--first&quot;&gt;
  &lt;div class=&quot;advantage__first wow fadeInRight&quot; data-wow-offset=&quot;150&quot;&gt;
    &lt;div class=&quot;advantage__block&quot;&gt;
      &lt;h3 class=&quot;advantage__title&quot;&gt;СОВРЕМЕННОЕ ОБОРУДОВАНИЕ&lt;/h3&gt;
      &lt;p class=&quot;advantage__text&quot;&gt;Lorem ipsum dolor sit amet consectetur adipiscing elit sed tempor incididunt ut laboret dolore&lt;/p&gt;
    &lt;/div&gt;
  &lt;/div&gt;
  &lt;div class=&quot;advantage__last wow fadeInLeft&quot; data-wow-offset=&quot;150&quot;&gt;&lt;img class=&quot;advantage__pic&quot; src=&quot;images/advantage/001.jpg&quot; alt=&quot;&quot;/&gt;&lt;/div&gt;
&lt;/section&gt;
&lt;section class=&quot;advantage advantage--reverse&quot;&gt;
  &lt;div class=&quot;advantage__first wow fadeInRight&quot; data-wow-offset=&quot;150&quot;&gt;
    &lt;div class=&quot;advantage__block&quot;&gt;
      &lt;h3 class=&quot;advantage__title&quot;&gt;КВАЛИФИЦИРОВАННЫЕ ВРАЧИ&lt;/h3&gt;
      &lt;p class=&quot;advantage__text&quot;&gt;Lorem ipsum dolor sit amet consectetur adipiscing elit sed tempor incididunt ut laboret dolore&lt;/p&gt;
    &lt;/div&gt;
  &lt;/div&gt;
  &lt;div class=&quot;advantage__last wow fadeInLeft&quot; data-wow-offset=&quot;150&quot;&gt;&lt;img class=&quot;advantage__pic&quot; src=&quot;images/advantage/002.jpg&quot; alt=&quot;&quot;/&gt;&lt;/div&gt;
&lt;/section&gt;
&lt;section class=&quot;advantage&quot;&gt;
  &lt;div class=&quot;advantage__first wow fadeInRight&quot; data-wow-offset=&quot;150&quot;&gt;
    &lt;div class=&quot;advantage__block&quot;&gt;
      &lt;h3 class=&quot;advantage__title&quot;&gt;БЕЗОПАСНЫЕ ПРЕПАРАТЫ&lt;/h3&gt;
      &lt;p class=&quot;advantage__text&quot;&gt;Lorem ipsum dolor sit amet consectetur adipiscing elit sed tempor incididunt ut laboret dolore&lt;/p&gt;
    &lt;/div&gt;
  &lt;/div&gt;
  &lt;div class=&quot;advantage__last wow fadeInLeft&quot; data-wow-offset=&quot;150&quot;&gt;&lt;img class=&quot;advantage__pic&quot; src=&quot;images/advantage/003.jpg&quot; alt=&quot;&quot;/&gt;&lt;/div&gt;
&lt;/section&gt;
&lt;section class=&quot;advantage advantage--reverse advantage--visit&quot;&gt;
  &lt;div class=&quot;advantage__first wow fadeInRight&quot; data-wow-offset=&quot;150&quot;&gt;
    &lt;div class=&quot;advantage__block&quot;&gt;
      &lt;h3 class=&quot;advantage__title&quot;&gt;ЗАПИСЬ НА БЕСПЛАТНЫЙ ПРИЁМ&lt;/h3&gt;
      &lt;p class=&quot;advantage__text&quot;&gt;Lorem ipsum dolor sit amet consectetur adipiscing elit sed tempor incididunt ut laboret dolore&lt;/p&gt;
      &lt;button class=&quot;button button--visit&quot;&gt;ЗАПИСАТЬСЯ&lt;/button&gt;
    &lt;/div&gt;
  &lt;/div&gt;
  &lt;div class=&quot;advantage__last wow fadeInLeft&quot; data-wow-offset=&quot;150&quot;&gt;&lt;img class=&quot;advantage__pic&quot; src=&quot;images/advantage/004.jpg&quot; alt=&quot;&quot;/&gt;&lt;/div&gt;
&lt;/section&gt;
&lt;div class=&quot;wrapper&quot;&gt;
  &lt;p&gt;Как уже неоднократно упомянуто, стремящиеся вытеснить традиционное производство, нанотехнологии, превозмогая сложившуюся непростую экономическую ситуацию, представлены в исключительно положительном свете. Следует отметить, что высокое качество исследований.&lt;/p&gt;
&lt;/div&gt;
&lt;div class=&quot;animals&quot;&gt;
  &lt;div class=&quot;animals__first&quot;&gt;&lt;img class=&quot;animals__pic&quot; src=&quot;images/animals/001.jpg&quot; alt=&quot;&quot;/&gt;&lt;/div&gt;
  &lt;div class=&quot;animals__last&quot;&gt;&lt;img class=&quot;animals__pic&quot; src=&quot;images/animals/002.jpg&quot; alt=&quot;&quot;/&gt;&lt;/div&gt;
&lt;/div&gt;
&lt;div class=&quot;divider wow slideInUp&quot; data-wow-offset=&quot;120&quot;&gt;
  &lt;div class=&quot;divider__wrapper&quot;&gt;&lt;img class=&quot;divider__pic&quot; src=&quot;images/divider.png&quot; alt=&quot;&quot;/&gt;
    &lt;p class=&quot;divider__text&quot;&gt;Для современного мира синтетическое тестирование напрямую зависит от новых предложений и некоторых наших оппонентов&lt;/p&gt;
  &lt;/div&gt;
&lt;/div&gt;
&lt;section class=&quot;parallax&quot; data-image=&quot;images/parallax/001.jpg&quot; data-speed=&quot;0.5&quot;&gt;
  &lt;div class=&quot;parallax__wrapper&quot;&gt;
    &lt;h3 class=&quot;parallax__title&quot;&gt;Мы всегда Поможем&lt;/h3&gt;
    &lt;p class=&quot;parallax__text&quot;&gt;Lorem ipsum dolor sit amet, consectetur adipisicing elit, sed do eiusmod tempor incididunt ut labore et dolore magna aliqua. Ut enim ad minim veniam, quis nostrud exercitation ullamco laboris nisi ut aliquip ex ea commodo.&lt;/p&gt;
  &lt;/div&gt;
&lt;/section&gt;]]></content><private><![CDATA[]]></private><author><![CDATA[neo]]></author></item>
